value,type
tcfzmhcxh[.]com,domain
jturvvulp[.]com,domain
rnoqsqw[.]com,domain
samxqu[.]com,domain
zudaro7tn[.]com,domain
tundex9yb[.]com,domain
zotrix5mw[.]com,domain
yaxlen0vf[.]com,domain
vornex0cy[.]com,domain
xorliq1zn[.]com,domain
xelumo5rg[.]com,domain
yexlun3sd[.]com,domain
vapren6dk[.]com,domain
wexlir6tb[.]com,domain
tivrox1pb[.]com,domain
solvar0jf[.]com,domain
temvra9ql[.]com,domain
morkil5vp[.]com,domain
seldru4ke[.]com,domain
nolbru4ym[.]com,domain
rimtoz8sd[.]com,domain
dedrix4xw[.]com,domain
qondar6zw[.]com,domain
qidaro1kp[.]com,domain
lokren2mt[.]com,domain
pelvix9af[.]com,domain
lomiva3pt[.]com,domain
darvix8uh[.]com,domain
folnix3ja[.]com,domain
felmoq7rc[.]com,domain
kervan2qh[.]com,domain
beqrid7vn[.]com,domain
jelbix2ym[.]com,domain
xovren8ql[.]com,domain
kolivex[.]com,domain
witethfur[.]com,domain
wasynabar[.]com,domain
rvanusbyr[.]com,domain
ridgerhod[.]com,domain
rstestame[.]com,domain
sachecapl[.]com,domain
marnsiant[.]com,domain
tioderest[.]com,domain
terwityph[.]com,domain
niqueoush[.]com,domain
zemilax[.]com,domain
nerakenth[.]com,domain
taliron[.]com,domain
blopunriu[.]com,domain
ierthydri[.]com,domain
ckentable[.]com,domain
edlobserm[.]com,domain
corkyroak[.]com,domain
lfundebac[.]com,domain
elvesouse[.]com,domain
yemilax[.]com,domain
yelidro[.]com,domain
xevinon[.]com,domain
vomitre[.]com,domain
xoviren[.]com,domain
brucketha[.]com,domain
zoritrex[.]com,domain
xaliren[.]com,domain
xalimor[.]com,domain
xiridon[.]com,domain
woliran[.]com,domain
wemiron[.]com,domain
vomiren[.]com,domain
velidro[.]com,domain
veximor[.]com,domain
tromixen[.]com,domain
ralivon[.]com,domain
qomiren[.]com,domain
qelivax[.]com,domain
kelivax[.]com,domain
jomitre[.]com,domain
norixen[.]com,domain
nemiron[.]com,domain
relidro[.]com,domain
kemivor[.]com,domain
melitro[.]com,domain
bemidro[.]com,domain
fenidro[.]com,domain
jelivax[.]com,domain
fomiren[.]com,domain
dorixen[.]com,domain
jerilax[.]com,domain
bomiren[.]com,domain
tnerbevet[.]com,domain
rtholockr[.]com,domain
obsemynti[.]com,domain
iotermalc[.]com,domain
ichinctri[.]com,domain
easectiva[.]com,domain
sthdadris[.]com,domain
slarlisin[.]com,domain
xpresting[.]com,domain
mandlesph[.]com,domain
tionkrugl[.]com,domain
kageopati[.]com,domain
siblexich[.]com,domain
ragouentu[.]com,domain
clemitent[.]com,domain
emuselego[.]com,domain
hazeupost[.]com,domain
alonstrop[.]com,domain
coperthiv[.]com,domain
aseviosou[.]com,domain
atchoseab[.]com,domain
asmationc[.]com,domain
xethwandi[.]com,domain
adordenro[.]com,domain
uctiomose[.]com,domain
thrionsla[.]com,domain
tionjudio[.]com,domain
voketiche[.]com,domain
utaneydra[.]com,domain
titicitur[.]com,domain
thorights[.]com,domain
stbustato[.]com,domain
ondonsumo[.]com,domain
spitarydr[.]com,domain
sedowelat[.]com,domain
laticient[.]com,domain
nuckdairo[.]com,domain
omedgetai[.]com,domain
odayerith[.]com,domain
logrowsph[.]com,domain
ntiocabli[.]com,domain
lexpermob[.]com,domain
murgeover[.]com,domain
gbonityac[.]com,domain
ineurlita[.]com,domain
blentrabl[.]com,domain
hethantac[.]com,domain
fladricke[.]com,domain
etulacrav[.]com,domain
ectocarci[.]com,domain
asequania[.]com,domain
anequalou[.]com,domain
alegatset[.]com,domain
navelezal[.]com,domain
tomeltict[.]com,domain
sycheleve[.]com,domain
areplayug[.]com,domain
wgizesunt[.]com,domain
widgeneab[.]com,domain
tselfirch[.]com,domain
nsiciumbe[.]com,domain
nistriong[.]com,domain
moneopono[.]com,domain
igheangro[.]com,domain
ilwortatc[.]com,domain
icitingra[.]com,domain
heraftsmi[.]com,domain
haivesift[.]com,domain
deousemet[.]com,domain
aryospeng[.]com,domain
amonsitat[.]com,domain
foaricert[.]com,domain
alemureve[.]com,domain
eotrockma[.]com,domain
ctontride[.]com,domain
ratescaph[.]com,domain
irkyaneye[.]com,domain
tonictico[.]com,domain
stablemar[.]com,domain
eseuletre[.]com,domain
iertranth[.]com,domain
samusaneu[.]com,domain
arpheathr[.]com,domain
yseusdral[.]com,domain
seginactr[.]com,domain
orematent[.]com,domain
mishadomb[.]com,domain
ecerchuto[.]com,domain
cableinug[.]com,domain
yrnolebst[.]com,domain
laulecern[.]com,domain
fablealza[.]com,domain
topidalea[.]com,domain
ypocklens[.]com,domain
ishezygut[.]com,domain
parysempe[.]com,domain
itmatityp[.]com,domain
estainaga[.]com,domain
tundyngbo[.]com,domain
xcraftera[.]com,domain
xamanomad[.]com,domain
tatorowni[.]com,domain
upromenov[.]com,domain
ndepentru[.]com,domain
listarven[.]com,domain
leasatora[.]com,domain
eralaskin[.]com,domain
iverbonal[.]com,domain
ipticardl[.]com,domain
ionexague[.]com,domain
bournagnu[.]com,domain
dclatathk[.]com,domain
amoribles[.]com,domain
urianseak[.]com,domain
tumpirent[.]com,domain
achroughi[.]com,domain
tonzarbab[.]com,domain
ntionisop[.]com,domain
umpiredau[.]com,domain
lhostimpl[.]com,domain
nastrante[.]com,domain
rethouscr[.]com,domain
ownskupen[.]com,domain
narecksop[.]com,domain
ownronthy[.]com,domain
mpbaciarl[.]com,domain
manathshr[.]com,domain
kyranamba[.]com,domain
ketalevig[.]com,domain
isoconymp[.]com,domain
clanifter[.]com,domain
fectualvi[.]com,domain
ensoingus[.]com,domain
dobembimi[.]com,domain
disticial[.]com,domain
difecuste[.]com,domain
choleympe[.]com,domain
bersebrio[.]com,domain
atereater[.]com,domain
antyligha[.]com,domain
ckentance[.]com,domain
atentortr[.]com,domain
ablevenbe[.]com,domain
terfreduc[.]com,domain
menyactia[.]com,domain
ensonucep[.]com,domain
achrokera[.]com,domain
orbitexglobal[.]com,domain
mongma[.]net,domain
daystyro[.]com,domain
elustamer[.]com,domain
itchriat[.]com,domain
neusifra[.]com,domain
radmanim[.]com,domain
cadogyph[.]com,domain
armungui[.]com,domain
balbilat[.]com,domain
lexquidec[.]com,domain
otitirma[.]com,domain
ralphion[.]com,domain
admotish[.]com,domain
sanketel[.]com,domain
ionomenu[.]com,domain
rgismalk[.]com,domain
vockhouns[.]com,domain
eineopeth[.]com,domain
xaltival[.]com,domain
downheld[.]com,domain
sonchear[.]com,domain
logrebald[.]com,domain
slicalve[.]com,domain
blenamse[.]com,domain
lintitat[.]com,domain
ychoneth[.]com,domain
rsternick[.]com,domain
elduceafk[.]com,domain
agnograyo[.]com,domain
legitahea[.]com,domain
olenestr[.]com,domain
aldemeres[.]com,domain
rtruskyru[.]com,domain
istayring[.]com,domain
pelianthe[.]com,domain
asimbisi[.]com,domain
seakries[.]com,domain
vogurtara[.]com,domain
timandici[.]com,domain
tickdausa[.]com,domain
rnafaspud[.]com,domain
ineabentr[.]com,domain
biquiscry[.]com,domain
ohmacedeb[.]com,domain
ltryousto[.]com,domain
holcuramp[.]com,domain
dgenhered[.]com,domain
arneighti[.]com,domain
larthonar[.]com,domain
bragentak[.]com,domain
galptimic[.]com,domain
rlothysis[.]com,domain
lomityptu[.]com,domain
phewainti[.]com,domain
varaltion[.]com,domain
poladrepo[.]com,domain
numbeybet[.]com,domain
aleckhame[.]com,domain
phdratine[.]com,domain
disigieta[.]com,domain
unchloyan[.]com,domain
aurlecoga[.]com,domain
dwaynciah[.]com,domain
nminfixua[.]com,domain
enousiter[.]com,domain
pedrumbon[.]com,domain
wornizart[.]com,domain
quezeutnt[.]com,domain
sposentec[.]com,domain
ngetchald[.]com,domain
aceariali[.]com,domain
kleftorad[.]com,domain
rgenderid[.]com,domain
chinquade[.]com,domain
erauncusa[.]com,domain
danicentr[.]com,domain
liboadacy[.]com,domain
proulybor[.]com,domain
hortainat[.]com,domain
antintort[.]com,domain
iousteard[.]com,domain
indulfwand[.]com,domain
rafuliqui[.]com,domain
emernablar[.]com,domain
hariculmo[.]com,domain
orobudist[.]com,domain
nexpouxion[.]com,domain
lumantres[.]com,domain
ebolexast[.]com,domain
lochinical[.]com,domain
outantand[.]com,domain
lerincenti[.]com,domain
femidscoly[.]com,domain
ymactablet[.]com,domain
ularleames[.]com,domain
inklempito[.]com,domain
okuwelani[.]com,domain
vestusiab[.]com,domain
nthomathim[.]com,domain
areaudeleti[.]com,domain
bulyphola[.]com,domain
supiantate[.]com,domain
orypowntio[.]com,domain
ainfoismac[.]com,domain
rloutatuse[.]com,domain
cumhoyamon[.]com,domain
enoustiscu[.]com,domain
ntapropheo[.]com,domain
bilmanzago[.]com,domain
uconydredg[.]com,domain
ctionitypt[.]com,domain
ismensedav[.]com,domain
digingetar[.]com,domain
timelemitu[.]com,domain
iriumdrius[.]com,domain
imatepwalm[.]com,domain
tonandiard[.]com,domain
monelitito[.]com,domain
rnaphonhef[.]com,domain
therifitan[.]com,domain
chialgrabl[.]com,domain
oustchalymn[.]com,domain
kinskudicab[.]com,domain
elerentrot[.]com,domain
ikentafert[.]com,domain
vokovervale[.]com,domain
orentionant[.]com,domain
flionaviver[.]com,domain
ailwordigme[.]com,domain
mitherickap[.]com,domain
igingeotona[.]com,domain
proespereduc[.]com,domain
erentetonec[.]com,domain
reasycounfl[.]com,domain
vorialcoril[.]com,domain
comleilomer[.]com,domain
tivieltusev[.]com,domain
wermaclistis[.]com,domain
stueneindsor[.]com,domain
ordalitonit[.]com,domain
makeydricep[.]com,domain
rcridaperic[.]com,domain
storsquadri[.]com,domain
oldirakensd[.]com,domain
insiounsors[.]com,domain
rendyburipa[.]com,domain
icumbundcas[.]com,domain
tchouchfimb[.]com,domain
teryageyeab[.]com,domain
ogyntaliveri[.]com,domain
lengisponult[.]com,domain
indlegilecum[.]com,domain
tiondostagen[.]com,domain
resodicatche[.]com,domain
arbenealptyr[.]com,domain
iacifeircend[.]com,domain
demitinethip[.]com,domain
onelcumblopa[.]com,domain
eleashoikera[.]com,domain
cinflondetic[.]com,domain
tivacuerwach[.]com,domain
oralydrypord[.]com,domain
enholustabde[.]com,domain
uderimantryg[.]com,domain
estiouserbur[.]com,domain
orapsychaunt[.]com,domain
urboydaudi[.]com,domain
haucliteld[.]com,domain
ctivaingea[.]com,domain
pariteting[.]com,domain
mancelynxt[.]com,domain
tionfincto[.]com,domain
ckeynone[.]com,domain
stualick[.]com,domain
laterhen[.]com,domain
ultzeces[.]com,domain
froldelitef[.]com,domain
irtickli[.]com,domain
oncenthu[.]com,domain
ratestalesp[.]com,domain
kerosismact[.]com,domain
overmasc[.]com,domain
edicephires[.]com,domain
sibrothym[.]com,domain
goterterati[.]com,domain
toroncesu[.]com,domain
temelevol[.]com,domain
spoeventr[.]com,domain
versemorches[.]com,domain
atermatet[.]com,domain
mhercenot[.]com,domain
sitedushl[.]com,domain
deretride[.]com,domain
sivenater[.]com,domain
hritcheau[.]com,domain
cherginaterg[.]com,domain
iumongwalten[.]com,domain
atuctackempo[.]com,domain
ymarytedo[.]com,domain
elicaticu[.]com,domain
aosbqpul[.]com,domain
avkdputy[.]com,domain
bbemlknorpo[.]com,domain
bilegra[.]com,domain
bphavxobs[.]com,domain
ccmbwqhmbuc[.]com,domain
ctxxpiwmzd[.]com,domain
dhwqdorz[.]com,domain
duypq[.]com,domain
eyybunyn[.]com,domain
fwapnhzxs[.]com,domain
fxbvtdw[.]com,domain
grgggki[.]com,domain
hhtjkuhahdfz[.]com,domain
ifftmvfxxd[.]com,domain
isfclqnlk[.]com,domain
jkfcpmzlyzn[.]com,domain
kcyztkt[.]com,domain
kexxs[.]com,domain
kkpqwnfh[.]com,domain
lqngnphr[.]com,domain
lrvgbz[.]com,domain
mbneqisfavvd[.]com,domain
mmlgftor[.]com,domain
odicuhoqmecq[.]com,domain
pxkleu[.]com,domain
pzbvi[.]com,domain
qjwiodcba[.]com,domain
qskaogmg[.]com,domain
rcjmcg[.]com,domain
rgvtexf[.]com,domain
rwtxxytwe[.]com,domain
sedaoteapsf[.]com,domain
tpfriobwrbw[.]com,domain
ucmobzafn[.]com,domain
ucpavtjmvuk[.]com,domain
umjnvnjo[.]com,domain
vnhychzisqy[.]com,domain
vpntbxauh[.]com,domain
vvcgdezd[.]com,domain
vxope[.]com,domain
wghywzunc[.]com,domain
xkzjcose[.]com,domain
ythurui[.]com,domain
ywttktr[.]com,domain
zbabfwpgsfh[.]com,domain
zdpnowpcn[.]com,domain
zlgbgfnebrnn[.]com,domain
zltfiwioiqo[.]com,domain
ztyetgbxdp[.]com,domain
zxcjglibl[.]com,domain
worietru[.]com,domain
trifouri[.]com,domain
coibnea[.]com,domain
cpjvffj[.]com,domain
djvanct[.]com,domain
ekfjobz[.]com,domain
fxniccw[.]com,domain
hbzljsl[.]com,domain
hmncbdd[.]com,domain
jklmjga[.]com,domain
lxgsryb[.]com,domain
oqaqtun[.]com,domain
pvtwxmt[.]com,domain
qoneqai[.]com,domain
qoreyai[.]com,domain
rdjsblz[.]com,domain
rhkmaxv[.]com,domain
rnswlif[.]com,domain
sircyuo[.]com,domain
srruvcl[.]com,domain
wwpikmc[.]com,domain
zxpemmd[.]com,domain
jturvvulp[.]com,domain
rnoqsqw[.]com,domain
tcfzmhcxh[.]com,domain
samxqu[.]com,domain
05jef2gw6[.]ru,domain
pmqawqui[.]es,domain
kiymrjg[.]es,domain
mibkenns[.]es,domain
yazvbqkl[.]ru,domain
tfcxzk[.]es,domain
dmuok[.]es,domain
xcsyiuul[.]ru,domain
qdjcpol[.]ru,domain
avptdwh[.]es,domain
rztcydrdc[.]es,domain
qvbyqiwcs[.]com,domain
ceeefhwm[.]ru,domain
zdzhwsdskx[.]es,domain
eqydm[.]es,domain
pseudops0[.]ru,domain
xplagertha[.]com,domain
hfvzaobd[.]es,domain
vyuvfjd[.]ru,domain
jdarlxjvtg[.]es,domain
uronfecit[.]ru,domain
aencpjseng[.]com,domain
areuegilpww[.]com,domain
epfsr[.]com,domain
ftwvja[.]com,domain
gvxcgzinwhu[.]com,domain
hqhmlzxv[.]com,domain
ijktkgl[.]com,domain
ktvpdk[.]com,domain
mjehnss[.]com,domain
npckzdjqgac[.]com,domain
nypuvsohyvzh[.]com,domain
olyidw[.]com,domain
osgokdbpq[.]com,domain
puqzabgojnmu[.]com,domain
sdvfdggplsu[.]com,domain
srmiobpicn[.]com,domain
syxtmvw[.]com,domain
takkrpbqcwc[.]com,domain
ufelc[.]com,domain
xqwvfrfdb[.]com,domain
xuogtfgvryeh[.]com,domain
xyjjslsa[.]com,domain
zooyuuaerwy[.]com,domain
ztmthcmcwy[.]com,domain
hXXps://s1.pseudops0[.]ru/B5uK3_k35ycjbng6kFK45yg/#K,url
hXXps://bxt.dmuok[.]es/n9IzCybq/,url
hXXps://toz.dmuok[.]es/n9IzCybq/,url
hXXps://q8cq.qvbyqiwcs[.]com/2039V3hz/,url
hXXps://xl.hfvzaobd[.]es/fRiSIchampLe/,url
hXXps://sfe.eineopeth[.]com/XtOrIaN/,url
hXXps://4z.samxqu[.]com/bWURGw6/,url
hXXps://cat96.vyuvfjd[.]ru/jekkBzzO/#M,url
hXXps://7j.05jef2gw6[.]ru/Ax263i/,url
hXXps://tg.pmqawqui[.]es/oDaMU9At/,url
hXXps://huxo.zdzhwsdskx.es/POAvxB/#Mporocha@cabdt.com[.]mx,url
hXXps://wf.mibkenns[.]es/caLUrguStoNo/,url
hXXps://c2uah.yazvbqkl.ru/QPImv5ff/#Mindsg_hampton_suites@hilton[.]com,url
hXXps://viu.tfcxzk[.]es/oveldeprumburgyroungereadititrychughtfinet/,url
hXXps://ufw.xcsyiuul.ru/VgRu6z/#Mclaudiacuevas@akzent[.]mx,url
hXXps://2l.eqydm[.]es/QViDx/,url
hXXps://bekr.avptdwh[.]es/JMtTSo/,url
hXXps://0lz.xplagertha.com/cYBB9XV/#Mquotes@trinitysurfaces[.]com,url
hXXps://bqr.qdjcpol[.]ru/WpB8P/$c2FyYS5odW50QGJ5dGVkYW5jZS5jb20=,url
hXXps://3rwc.jdarlxjvtg[.]es/nxDfEfE/,url
hXXps://z7uu.rztcydrdc[.]es/mmWGIkm/,url
hXXps://hk17.kiymrjg.es/hvJVbzKd/$alex@noshitsecurity[.]com,url
hXXps://3758375837583758375837583758375837375837.uronfecit[.]ru/Hlnz62kK/#d2FycmVuLmxpZXdAYnl0ZWRhbmNlLmNvbQ==,url
hXXps://wo4.eineopeth[.]com/XtOrIaN/?utm_source=sniply&utm_campaign=sniply&utm_medium=sniply,url
hXXps://7fff.ceeefhwm[.]ru/osXdKdE/,url
hXXps://y0.laterhen[.]com/cJDYv/,url
hXXps://ru.zotrix5mw[.]com/eVXArZ/,url
hXXps://vpap.yaxlen0vf[.]com/ve4DCC/,url
hXXps://e2xy.xorliq1zn[.]com/5zlZz/,url
hXXps://c3.lomiva3pt[.]com/3XgA6ga/,url
hXXps://500a.lomiva3pt[.]com/3XgA6ga/,url
hXXps://hu.felmoq7rc[.]com/CNbP/,url
hXXps://gtfw.beqrid7vn[.]com/tIOZEq/,url
hXXps://wwnh.wasynabar[.]com/7RJTRj7i/,url
hXXps://cu.wasynabar[.]com/7RJTRj7i/,url
hXXps://kk.wasynabar[.]com/7rjtrj7i/,url
hXXps://nr.wasynabar[.]com/7RJTRj7i/,url
hXXps://ihdu.marnsiant[.]com/8RDTFbNF/,url
hXXps://1ri.marnsiant[.]com/8RDTFbNF/,url
hXXps://xeltr.tioderest[.]com/e9Deyf/,url
hXXps://kup.terwityph[.]com/N7C7a/,url
hXXps://e6e.terwityph[.]com/N7C7a/,url
hXXps://vt.blopunriu[.]com/rGAdO/,url
hXXps://zn.blopunriu[.]com/rGAdO/,url
hXXps://k9aa.ierthydri[.]com/GqQp/,url
hXXps://xelim.ierthydri[.]com/GqQp/,url
hXXps://zum.yelidro[.]com/PgF1Zu/,url
hXXps://rk4.xevinon[.]com/8N8cfpSD/,url
hXXps://xd.vomitre[.]com/ZiWX2/?qrc=ar-cr%40hc-sc.gc.ca,url
hXXps://jr.vomitre[.]com/ZiWX2/,url
hXXps://wafri.brucketha[.]com/3fBbvv/,url
hXXps://ndd3.brucketha[.]com/3fBbvv/,url
hXXps://rh.brucketha[.]com/3fBbvv/,url
hXXps://4qk.brucketha[.]com/3fBbvv/,url
hXXps://of.brucketha[.]com/3fBbvv/,url
hXXps://b6mx.brucketha[.]com/3fBbvv/,url
hXXps://mt2.zoritrex[.]com/pmBv9/,url
hXXps://tr3y.zoritrex[.]com/pmBv9/,url
hXXps://6z8k.zoritrex[.]com/pmBv9/,url
hXXps://i7t.zoritrex[.]com/pmBv9/,url
hXXps://tpsk.xaliren[.]com/zjIhB/,url
hXXps://byj7.xiridon[.]com/JPqQWqc/,url
hXXps://abvn.velidro[.]com/mpL30dxs/,url
hXXps://6x6k.velidro[.]com/mpL30dxs/,url
hXXps://sio.veximor[.]com/AtUl/,url
hXXps://m4b1.ralivon[.]com/BxCxQe/,url
hXXps://z7.ralivon[.]com/BxCxQe/,url
hXXps://ralix.ralivon[.]com/BxCxQe/,url
hXXps://sbp.norixen[.]com/JFWaj/?utm_source=podia&utm_medium=broadcast&utm_campaign=2328138,url
https://2025_tax_compliance_team_x1update_tax_review.nemiron[.]com/kfIL0O/,url
https://usu_employee_benefits.nemiron[.]com/kfIL0O/,url
hXXps://qh8.nemiron[.]com/kfIL0O/,url
hXXps://lorin.kemivor[.]com/KrhrBH/,url
hXXps://yo1v.melitro[.]com/o7qi6Zl/,url
hXXps://melor.melitro[.]com/o7qi6Zl/,url
hXXps://6e.bemidro[.]com/ZBST/,url
hXXps://peril.jerilax[.]com/lgYt/,url
hXXp://orbitexglobal[.]com/,url
s1.pseudops0[.]ru,fqdn
bxt.dmuok[.]es,fqdn
toz.dmuok[.]es,fqdn
q8cq.qvbyqiwcs[.]com,fqdn
xl.hfvzaobd[.]es,fqdn
sfe.eineopeth[.]com,fqdn
4z.samxqu[.]com,fqdn
cat96.vyuvfjd[.]ru,fqdn
7j.05jef2gw6[.]ru,fqdn
tg.pmqawqui[.]es,fqdn
huxo.zdzhwsdskx[.]es,fqdn
wf.mibkenns[.]es,fqdn
c2uah.yazvbqkl[.]ru,fqdn
viu.tfcxzk[.]es,fqdn
ufw.xcsyiuul[.]ru,fqdn
2l.eqydm[.]es,fqdn
bekr.avptdwh[.]es,fqdn
0lz.xplagertha[.]com,fqdn
bqr.qdjcpol[.]ru,fqdn
3rwc.jdarlxjvtg[.]es,fqdn
z7uu.rztcydrdc[.]es,fqdn
hk17.kiymrjg[.]es,fqdn
3758375837583758375837583758375837375837.uronfecit[.]ru,fqdn
wo4.eineopeth[.]com,fqdn
7fff.ceeefhwm[.]ru,fqdn
y0.laterhen[.]com,fqdn
ru.zotrix5mw[.]com,fqdn
vpap.yaxlen0vf[.]com,fqdn
e2xy.xorliq1zn[.]com,fqdn
c3.lomiva3pt[.]com,fqdn
500a.lomiva3pt[.]com,fqdn
hu.felmoq7rc[.]com,fqdn
gtfw.beqrid7vn[.]com,fqdn
wwnh.wasynabar[.]com,fqdn
cu.wasynabar[.]com,fqdn
kk.wasynabar[.]com,fqdn
nr.wasynabar[.]com,fqdn
ihdu.marnsiant[.]com,fqdn
1ri.marnsiant[.]com,fqdn
xeltr.tioderest[.]com,fqdn
kup.terwityph[.]com,fqdn
e6e.terwityph[.]com,fqdn
vt.blopunriu[.]com,fqdn
zn.blopunriu[.]com,fqdn
k9aa.ierthydri[.]com,fqdn
xelim.ierthydri[.]com,fqdn
zum.yelidro[.]com,fqdn
rk4.xevinon[.]com,fqdn
xd.vomitre[.]com,fqdn
jr.vomitre[.]com,fqdn
wafri.brucketha[.]com,fqdn
ndd3.brucketha[.]com,fqdn
rh.brucketha[.]com,fqdn
4qk.brucketha[.]com,fqdn
of.brucketha[.]com,fqdn
b6mx.brucketha[.]com,fqdn
mt2.zoritrex[.]com,fqdn
tr3y.zoritrex[.]com,fqdn
6z8k.zoritrex[.]com,fqdn
i7t.zoritrex[.]com,fqdn
tpsk.xaliren[.]com,fqdn
byj7.xiridon[.]com,fqdn
abvn.velidro[.]com,fqdn
6x6k.velidro[.]com,fqdn
sio.veximor[.]com,fqdn
m4b1.ralivon[.]com,fqdn
z7.ralivon[.]com,fqdn
ralix.ralivon[.]com,fqdn
sbp.norixen[.]com,fqdn
2025_tax_compliance_team_x1update_tax_review.nemiron[.]com,fqdn
usu_employee_benefits.nemiron[.]com,fqdn
qh8.nemiron[.]com,fqdn
lorin.kemivor[.]com,fqdn
yo1v.melitro[.]com,fqdn
melor.melitro[.]com,fqdn
6e.bemidro[.]com,fqdn
peril.jerilax[.]com,fqdn
orbitexglobal[.]com,fqdn
